1276988124929851392,2020-06-27 21:17:48,SOLD m√°ximo. #ForzaDepor #ESPIRITO95 https://t.co/jc697MqP2x,False,Twitter for Android,,,,,None,,False,0,20,False,False,False,es,65904303,El Complejo Lambda,complejolambda,"[""ForzaDepor"", ""ESPIRITO95""]",[],[]
1276847653414895616,2020-06-27 11:59:37,"RT @Victor_Fdz: Me encantan estos especiales, sobre todo para escuchar las an√©cdotas e historias de los oyentes. Muchas gracias por seguir‚Ä¶",False,TweetDeck,,,,,None,,True,7,0,False,False,,es,65904303,El Complejo Lambda,complejolambda,[],"[""Victor_Fdz""]",[]
1276845339606212614,2020-06-27 11:50:26,Ya disponible el √∫ltimo programa de la temporada: Especial Juegos de nuestra vida (Parte 12) https://t.co/cOgHctBn6C,False,TweetDeck,,,,,None,,False,9,29,False,False,False,es,65904303,El Complejo Lambda,complejolambda,[],[],"[""https://www.ivoox.com/cl-13x23-especial-juegos-nuestra-vida-audios-mp3_rf_52703237_1.html""]"
1276614791835062272,2020-06-26 20:34:19,Estamos en directo https://t.co/xoo7VnIJTH,False,Twitter for Android,,,,,None,,False,1,8,False,False,False,es,65904303,El Complejo Lambda,complejolambda,[],[],"[""http://twitch.tv/elcomplejolambda""]"
1276528725757173760,2020-06-26 14:52:19,Hoy programa 13x23: Especial Juegos de nuestra Vida (parte 12) https://t.co/avLZ5gb1Yh,False,TweetDeck,,,,,None,,False,4,19,False,False,False,es,65904303,El Complejo Lambda,complejolambda,[],[],"[""http://www.complejolambda.com/2020/06/hoy-programa-13x23-especial-juegos-de.html""]"
1276527482460659713,2020-06-26 14:47:23,RT @Victor_Fdz: Con este v√≠deo seguro que a algun@ le vienen recuerdos a la mente. ¬øSab√©is de qu√© juego se trata? #JuegosDeNuestraVida http‚Ä¶,False,TweetDeck,,,,,None,,False,3,0,False,False,,es,65904303,El Complejo Lambda,complejolambda,"[""JuegosDeNuestraVida""]","[""Victor_Fdz""]",[]
1276453768478031874,2020-06-26 09:54:28,Esta noche llevaremos a cabo el Especial #JuegosDeNuestraVida. Todav√≠a est√°is a tiempo de hacernos llegar vuestras an√©cdotas en este hilo. ¬°Cerramos el post a las 22:00! https://t.co/SDypspWS3Z,False,TweetDeck,,,,,None,,False,1,19,False,False,False,es,65904303,El Complejo Lambda,complejolambda,"[""JuegosDeNuestraVida""]",[],"[""https://complejolambda.foroes.org/t7746-especial-juegos-de-nuestra-vida-parte-12-expon-tu-juego""]"
1276238979185217536,2020-06-25 19:40:58,RT @HAMMER36Z: La culpa la tiene @complejolambda con sus an√°lisis que me hacen gastar pasta y @Astria006 por ponerme la info de la traducci‚Ä¶,False,TweetDeck,,,,,None,,False,2,0,False,False,,es,65904303,El Complejo Lambda,complejolambda,[],"[""HAMMER36Z"", ""complejolambda"", ""Astria006""]",[]
1276156820453720065,2020-06-25 14:14:30,RT @Victor_Fdz: Menos de 3 horas... https://t.co/4ZicUgbThn,False,TweetDeck,,,,,None,,False,3,0,False,False,False,es,65904303,El Complejo Lambda,complejolambda,[],"[""Victor_Fdz""]","[""https://www.youtube.com/watch?v=NEyB_xbcXiQ""]"
1275856111606927361,2020-06-24 18:19:35,"RT @mosqui80: Un poco cutre esta edici√≥n remasterizada, pero ten√≠a muchas ganas de tenerlo. #NintendoSwitch https://t.co/ESHyfUPJqu",False,Twitter for Android,,,,,None,,False,1,0,False,False,False,es,65904303,El Complejo Lambda,complejolambda,"[""NintendoSwitch""]","[""mosqui80""]",[]
1275853135387508738,2020-06-24 18:07:46,Todav√≠a est√°is a tiempo de participar en el Especial #JuegosDeNuestraVida. El viernes leeremos vuestras an√©cdotas en el programa https://t.co/SDypspWS3Z,False,Twitter for Android,,,,,None,,False,3,6,False,False,False,es,65904303,El Complejo Lambda,complejolambda,"[""JuegosDeNuestraVida""]",[],"[""https://complejolambda.foroes.org/t7746-especial-juegos-de-nuestra-vida-parte-12-expon-tu-juego""]"
1275387833574928387,2020-06-23 11:18:49,Ayer estuvimos probando Burnout Paradise Remastered para #NintendoSwitch https://t.co/VVT95DwrRJ,False,TweetDeck,,,,,None,,False,4,13,False,False,False,es,65904303,El Complejo Lambda,complejolambda,"[""NintendoSwitch""]",[],"[""https://youtu.be/TaxRygE-om4""]"
1275359001954455552,2020-06-23 09:24:15,"Este viernes vuelve el Especial Juegos de nuestra vida, como todos los a√±os, queremos contar en directo vuestras an√©cdotas. Ayudadnos a trav√©s de este hilo del Foro #JuegosdeNuestraVida https://t.co/SDypspWS3Z",False,Twitter for Android,,,,,None,,False,2,16,False,False,False,es,65904303,El Complejo Lambda,complejolambda,"[""JuegosdeNuestraVida""]",[],"[""https://complejolambda.foroes.org/t7746-especial-juegos-de-nuestra-vida-parte-12-expon-tu-juego""]"
1275337961920495616,2020-06-23 08:00:39,"RT @Victor_Fdz: Empiezan las conferencias de #gamelab2020 con American McGee; que trabaj√≥ desarrollando niveles para Doom, la saga Quake, a‚Ä¶",False,TweetDeck,,,,,None,,False,4,0,False,False,,es,65904303,El Complejo Lambda,complejolambda,"[""gamelab2020""]","[""Victor_Fdz""]",[]
1275194314499346432,2020-06-22 22:29:51,Estamos en directo con Burnout Paradise Remastered para #NintendoSwitch https://t.co/VVT95DeQt9,False,TweetDeck,,,,,None,,False,0,5,False,False,False,es,65904303,El Complejo Lambda,complejolambda,"[""NintendoSwitch""]",[],"[""https://youtu.be/TaxRygE-om4""]"
1275028966924001281,2020-06-22 11:32:49,RT @Victor_Fdz: Ten√≠a muchas ganas de este. A ver si hoy podemos verlo en @complejolambda https://t.co/Py2Y13KW8I,False,TweetDeck,,,,,None,,False,2,0,False,False,False,es,65904303,El Complejo Lambda,complejolambda,[],"[""Victor_Fdz"", ""complejolambda""]",[]
1274778212707512320,2020-06-21 18:56:24,RT @ivoox: En este episodio de @complejolambda comentan uno de los videojuegos de la m√≠tica saga: #StarWarsJediFallenOrder. ¬°Disfrutad! üí•‚Ä¶,False,Twitter for Android,,,,,None,,False,5,0,False,False,,es,65904303,El Complejo Lambda,complejolambda,"[""StarWarsJediFallenOrder""]","[""ivoox"", ""complejolambda""]",[]
1274649142476800000,2020-06-21 10:23:32,RT @dmarqueno: Por fin me han llegado las camisetas del @complejolambda Preciosas! üòç https://t.co/f2PolTHQTn,False,Twitter for Android,,,,,None,,False,2,0,False,False,False,es,65904303,El Complejo Lambda,complejolambda,[],"[""dmarqueno"", ""complejolambda""]",[]
1274445923117150208,2020-06-20 20:56:00,"@Rodri_jarque @RCDeportivo S√≠, es, es :D.",False,Twitter for Android,1274442177582641153,223102629,Rodri_jarque,,None,,False,0,2,False,False,,es,65904303,El Complejo Lambda,complejolambda,[],"[""Rodri_jarque"", ""RCDeportivo""]",[]
1274439169037815808,2020-06-20 20:29:10,"RT @Bonoman85: Y regalo de cumplea√±os, por cierto üòÇ",False,Twitter for Android,,,,,None,,True,7,0,False,False,,es,65904303,El Complejo Lambda,complejolambda,[],"[""Bonoman85""]",[]
1274438915286544384,2020-06-20 20:28:09,@Rodri_jarque @RCDeportivo S√≠.,False,Twitter for Android,1274432132132241408,223102629,Rodri_jarque,,None,,False,0,1,False,False,,und,65904303,El Complejo Lambda,complejolambda,[],"[""Rodri_jarque"", ""RCDeportivo""]",[]
1274438857359077381,2020-06-20 20:27:56,Reencuentro lambdiano. https://t.co/pCNKDZMeNf,False,Twitter for Android,,,,,None,,False,8,151,False,False,False,es,65904303,El Complejo Lambda,complejolambda,[],[],[]
1274374881040367616,2020-06-20 16:13:43,Estamos viendo el partido del @RCDeportivo con 3 ca√±itas. #3ca√±itas https://t.co/8hhFAqqVzz,False,Twitter for Android,,,,,None,,False,6,48,False,False,False,es,65904303,El Complejo Lambda,complejolambda,"[""3ca\u00f1itas""]","[""RCDeportivo""]",[]
1274312402843172864,2020-06-20 12:05:27,Ya disponible el programa 13x22 con el an√°lisis de STAR WARS Jedi: Fallen Order https://t.co/RBk6w6uhtT,False,TweetDeck,,,,,None,,False,2,7,False,False,False,es,65904303,El Complejo Lambda,complejolambda,[],[],"[""https://www.ivoox.com/cl-13x22-039-star-wars-jedi-fallen-order-039-audios-mp3_rf_52251383_1.html""]"
1274299741401120769,2020-06-20 11:15:08,"El viernes que viene llevaremos a cabo el Especial Juegos de nuestra vida (parte 12). Como todos los a√±os, os animamos a participar a trav√©s de este hilo https://t.co/SDypspWS3Z",False,TweetDeck,,,,,None,,False,5,13,False,False,False,es,65904303,El Complejo Lambda,complejolambda,[],[],"[""https://complejolambda.foroes.org/t7746-especial-juegos-de-nuestra-vida-parte-12-expon-tu-juego""]"
1274077124593422337,2020-06-19 20:30:32,Estamos en directo https://t.co/xoo7VnIJTH,False,Twitter for Android,,,,,None,,False,1,5,False,False,False,es,65904303,El Complejo Lambda,complejolambda,[],[],"[""http://twitch.tv/elcomplejolambda""]"
1274049897830977537,2020-06-19 18:42:21,"Hoy programa 13x22, con el an√°lisis de STAR WARS Jedi Fallen Order https://t.co/WkGiuWx2vJ",False,TweetDeck,,,,,None,,False,1,11,False,False,False,es,65904303,El Complejo Lambda,complejolambda,[],[],"[""http://www.complejolambda.com/2020/06/hoy-programa-13x22-star-wars-jedi.html""]"
1274012490247147527,2020-06-19 16:13:42,"En directo, con la nueva promesa del f√∫tbol mundial https://t.co/S9IZNQih0A",False,TweetDeck,,,,,None,,False,1,6,False,False,False,es,65904303,El Complejo Lambda,complejolambda,[],[],"[""https://youtu.be/aeFKqJUD4cg""]"
1273371352817381381,2020-06-17 21:46:03,¬°Hoy tampoco hay directo! Estos d√≠as estamos atendiendo cuestiones personales. ¬°Ma√±ana s√≠ habr√°!,False,Twitter for Android,,,,,None,,False,3,17,False,False,,es,65904303,El Complejo Lambda,complejolambda,[],[],[]
1273026376686284800,2020-06-16 22:55:14,"Siguiendo lo que coment√°bamos ayer, hoy no emitiremos directo, pero esta semana volveremos con nuevos juegos https://t.co/rvwNOTWgVE",False,TweetDeck,,,,,None,,False,1,15,False,False,False,es,65904303,El Complejo Lambda,complejolambda,[],[],"[""https://youtu.be/-Gxcrgmlov8?t=74""]"
1272935576124231680,2020-06-16 16:54:26,RT @Bonoman85: Creo en DOOM https://t.co/XEd7f8jkFJ,False,TweetDeck,,,,,None,,False,10,0,False,False,False,en,65904303,El Complejo Lambda,complejolambda,[],"[""Bonoman85""]",[]
1272653608010551296,2020-06-15 22:13:59,Estamos en directo. Seguimos con Half-Life2: Episode 1 https://t.co/3soQY153gN,False,TweetDeck,,,,,None,,False,1,5,False,False,False,es,65904303,El Complejo Lambda,complejolambda,[],[],"[""https://youtu.be/Q8jXAJREj6A""]"
1272297063213129738,2020-06-14 22:37:12,Estamos en directo con The Outer Worlds para #NintendoSwitch https://t.co/wdm8vvH01B,False,TweetDeck,,,,,None,,False,0,6,False,False,False,en,65904303,El Complejo Lambda,complejolambda,"[""NintendoSwitch""]",[],"[""https://youtu.be/GC7MIyactT8""]"
1271908129333272577,2020-06-13 20:51:43,@ManthysgerZ ¬°Gran juego! A disfrutar.,False,Twitter for Android,1271907237758451712,1696709958,ManthysgerZ,,None,,False,0,1,False,False,,es,65904303,El Complejo Lambda,complejolambda,[],"[""ManthysgerZ""]",[]
1271795603694067712,2020-06-13 13:24:35,@Bateuro28 Hoy no va a poder ser.,False,TweetDeck,1271795416011624448,3116771206,Bateuro28,,None,,False,0,1,False,False,,es,65904303,El Complejo Lambda,complejolambda,[],"[""Bateuro28""]",[]
1271778860351315968,2020-06-13 12:18:03,Ya disponible el programa 13x21 con el an√°lisis de Pok√©mon Espada/Escudo https://t.co/xyoo1cE94J,False,TweetDeck,,,,,None,,False,4,17,False,False,False,es,65904303,El Complejo Lambda,complejolambda,[],[],"[""https://www.ivoox.com/cl-13x21-039-pokemon-espada-escudo-039-audios-mp3_rf_52022540_1.html""]"
1271575607999188992,2020-06-12 22:50:24,"RT @jay_tirlor: Disfrutando del programa con merchandising kazoide @complejolambda Por cierto, me qued√© con ganas de que mostraran the elde‚Ä¶",False,Twitter for Android,,,,,None,,False,1,0,False,False,,es,65904303,El Complejo Lambda,complejolambda,[],"[""jay_tirlor"", ""complejolambda""]",[]
1271543571691208709,2020-06-12 20:43:06,Estamos en directo! Hoy hablaremos de Pok√©mon Espada y Escudo. Puedes escucharnos en: https://t.co/wpk8Ublkuu,False,TweetDeck,,,,,None,,False,0,2,False,False,False,es,65904303,El Complejo Lambda,complejolambda,[],[],"[""https://www.twitch.tv/elcomplejolambda""]"
1271523838069739520,2020-06-12 19:24:41,Esta noche programa 13x21 con el an√°lisis de Pok√©mon Espada/Escudo https://t.co/6wMyOnDiWt,False,Twitter for Android,,,,,None,,False,4,18,False,False,False,es,65904303,El Complejo Lambda,complejolambda,[],[],"[""http://www.complejolambda.com/2020/06/hoy-programa-13x21-pokemon-espadaescudo.html?m=1""]"
1271399064580567040,2020-06-12 11:08:53,"RT @Victor_Fdz: Ayer me termin√© BioShock por primera vez en algo m√°s de 10 a√±os. M√°s all√° de la narrativa y la ambientaci√≥n, sigue teniendo‚Ä¶",False,TweetDeck,,,,,None,,False,4,0,False,False,,es,65904303,El Complejo Lambda,complejolambda,[],"[""Victor_Fdz""]",[]
1271395772915945472,2020-06-12 10:55:48,Ayer emitimos en directo la presentaci√≥n de Sony con las primeras novedades de #PlayStation5. ¬øCon qu√© os qued√°is de lo visto ayer? https://t.co/XbloyGSvs3,False,TweetDeck,,,,,None,,False,5,14,False,False,False,es,65904303,El Complejo Lambda,complejolambda,"[""PlayStation5""]",[],"[""https://youtu.be/K8GQaXclPQQ""]"
1271395488122785793,2020-06-12 10:54:40,@mosqui80 https://t.co/UPisWrtR1T,False,TweetDeck,,1140920574,mosqui80,,None,,True,0,3,False,False,False,und,65904303,El Complejo Lambda,complejolambda,[],"[""mosqui80""]","[""https://twitter.com/darthmontes/status/1271332577509605377""]"
1271209663166627846,2020-06-11 22:36:16,Ya disponible la presentaci√≥n de #PlayStation5 #PS5 https://t.co/XbloyGSvs3,False,Twitter for Android,,,,,None,,False,2,6,False,False,False,es,65904303,El Complejo Lambda,complejolambda,"[""PlayStation5"", ""PS5""]",[],"[""https://youtu.be/K8GQaXclPQQ""]"
1271168009307070464,2020-06-11 19:50:45,Estamos en directo con la presentaci√≥n de #PlayStation5 https://t.co/XbloyGSvs3,False,TweetDeck,,,,,None,,False,2,14,False,False,False,es,65904303,El Complejo Lambda,complejolambda,"[""PlayStation5""]",[],"[""https://youtu.be/K8GQaXclPQQ""]"
1271070713072570368,2020-06-11 13:24:08,RT @Victor_Fdz: Im√°genes que preceden eventos terribles #NintendoSwitch https://t.co/O0us4jXmNv,False,TweetDeck,,,,,None,,False,2,0,False,False,False,es,65904303,El Complejo Lambda,complejolambda,"[""NintendoSwitch""]","[""Victor_Fdz""]",[]
1271037619602968576,2020-06-11 11:12:37,Esta noche emitiremos un directo especial a partir de las 21:45 para retransmitir la presentaci√≥n de #PlayStation5 https://t.co/3RDu72Ol6S,False,TweetDeck,,,,,None,,False,6,34,False,False,False,es,65904303,El Complejo Lambda,complejolambda,"[""PlayStation5""]",[],[]
1271037126570844161,2020-06-11 11:10:40,Ayer estuvimos de charla con los oyentes mientras jug√°bamos a Bioshock para Nintendo Switch https://t.co/pGzmxr5XPg,False,TweetDeck,,,,,None,,False,0,2,False,False,False,es,65904303,El Complejo Lambda,complejolambda,[],[],"[""https://youtu.be/RXUGs-gCu1E""]"
1270836803336101888,2020-06-10 21:54:39,Estamos en directo jugando a Bioshock en #NintendoSwitch https://t.co/pGzmxr5XPg,False,TweetDeck,,,,,None,,False,0,6,False,False,False,es,65904303,El Complejo Lambda,complejolambda,"[""NintendoSwitch""]",[],"[""https://youtu.be/RXUGs-gCu1E""]"
1270451799963709443,2020-06-09 20:24:47,"Al igual que ayer, hoy tampoco tendremos directo, pero volveremos a partir de ma√±ana.",False,Twitter for Android,,,,,None,,False,2,23,False,False,,es,65904303,El Complejo Lambda,complejolambda,[],[],[]
1270124923785281538,2020-06-08 22:45:54,"Esta noche, debido a cuestiones personales, no habr√° directo. ¬°Esperamos poder realizarlo ma√±ana!",False,Twitter for Android,,,,,None,,False,1,18,False,False,,es,65904303,El Complejo Lambda,complejolambda,[],[],[]
1269927534495440896,2020-06-08 09:41:32,Hemos creado una lista de reproducci√≥n para que pod√°is ver la serie Half-Life completa en el canal https://t.co/VBAj6N77sS,False,TweetDeck,,,,,None,,False,4,12,False,False,False,es,65904303,El Complejo Lambda,complejolambda,[],[],"[""https://www.youtube.com/watch?v=0Morla4Z9xE&list=PLkVGpH2ytkxBzZsi-ACbi3rYd__sZ_9QZ""]"
1269917101671710721,2020-06-08 09:00:05,Ayer empezamos una nueva serie de Half-Life 2: Episodio 1 en el canal https://t.co/RUOQSJERub,False,TweetDeck,,,,,None,,False,0,5,False,False,False,es,65904303,El Complejo Lambda,complejolambda,[],[],"[""https://youtu.be/3ZL58abqWNg""]"
1269912045094408192,2020-06-08 08:40:00,@kanon78 @Victor_Fdz ¬°Muchas gracias! ¬°Y gracias por seguir ah√≠!,False,Twitter for Android,1269911241839071239,46134091,kanon78,,None,,False,1,3,False,False,,es,65904303,El Complejo Lambda,complejolambda,[],"[""kanon78"", ""Victor_Fdz""]",[]
1269755465170333696,2020-06-07 22:17:48,Empezamos con Half-Life 2: Episodio 1 en directo https://t.co/RUOQSJERub,False,TweetDeck,,,,,None,,False,2,8,False,False,False,es,65904303,El Complejo Lambda,complejolambda,[],[],"[""https://youtu.be/3ZL58abqWNg""]"
1269351179135434752,2020-06-06 19:31:19,Ayer estuvimos probando The Outer Worlds para Nintendo Switch https://t.co/dyi32AZ5N3,False,TweetDeck,,,,,None,,False,1,9,False,False,False,es,65904303,El Complejo Lambda,complejolambda,[],[],"[""https://youtu.be/easYq6ZlowY""]"
1269268300833476611,2020-06-06 14:01:59,RT @mosqui80: Sorprendido de haberme topado con esto (creo que no lo hab√≠a visto nunca en tienda) a estas alturas y con ese precio. https:/‚Ä¶,False,Twitter for Android,,,,,None,,False,2,0,False,False,,es,65904303,El Complejo Lambda,complejolambda,[],"[""mosqui80""]",[]
1269236728331735040,2020-06-06 11:56:31,Ya disponible el programa 13x20 con el an√°lisis de Borderlands 3 https://t.co/mEAkzJzrrB,False,TweetDeck,,,,,None,,False,4,19,False,False,False,es,65904303,El Complejo Lambda,complejolambda,[],[],"[""https://www.ivoox.com/cl-13x20-039-borderlands-3-039-audios-mp3_rf_51805026_1.html""]"
1269004796486393856,2020-06-05 20:34:55,Remakes que superan al juego original. Pod√©is hacernos llegar vuestras opiniones en el h√°mster #LambdaRemake,False,Twitter for Android,,,,,None,,False,5,20,False,False,,es,65904303,El Complejo Lambda,complejolambda,"[""LambdaRemake""]",[],[]
1269000148996284416,2020-06-05 20:16:27,"Estamos en directo, con el programa 13x20 https://t.co/xoo7VnIJTH",False,TweetDeck,,,,,None,,False,3,7,False,False,False,es,65904303,El Complejo Lambda,complejolambda,[],[],"[""http://twitch.tv/elcomplejolambda""]"
1268958007645417478,2020-06-05 17:28:59,"RT @francesctovar: Lunes, Martes, Mi√©rcoles, Jueves y Sold! @complejolambda üêµüç∞ü•ù https://t.co/U4zJDWxyeM",False,TweetDeck,,,,,None,,False,3,0,False,False,False,es,65904303,El Complejo Lambda,complejolambda,[],"[""francesctovar"", ""complejolambda""]",[]
1268918145739362304,2020-06-05 14:50:35,Estamos en directo con The Outer Worlds para #NintendoSwitch https://t.co/dyi32AZ5N3,False,TweetDeck,,,,,None,,False,0,3,False,False,False,en,65904303,El Complejo Lambda,complejolambda,"[""NintendoSwitch""]",[],"[""https://youtu.be/easYq6ZlowY""]"
1268855002136637449,2020-06-05 10:39:41,"Hoy programa 13x20, con el an√°lisis de Borderlands 3 https://t.co/5fBt9mETGR",False,TweetDeck,,,,,None,,False,1,9,False,False,False,es,65904303,El Complejo Lambda,complejolambda,[],[],"[""http://www.complejolambda.com/2020/06/hoy-programa-13x20-borderlands-3.html""]"
1268854880543916033,2020-06-05 10:39:12,"RT @Victor_Fdz: Vistas las √∫ltimas informaciones, miedo me da. A ver qu√© tal con el parche de d√≠a 1. https://t.co/QuCeKu06Jo",False,TweetDeck,,,,,None,,False,1,0,False,False,False,es,65904303,El Complejo Lambda,complejolambda,[],"[""Victor_Fdz""]",[]
1268837743343403009,2020-06-05 09:31:06,"RT @Victor_Fdz: Brutal la banda sonora de Lords of Thunder, de Sega Mega CD. Legendaria https://t.co/1OHOC0MRFm https://t.co/Umcmt2nAqH",False,TweetDeck,,,,,None,,False,7,0,False,False,False,es,65904303,El Complejo Lambda,complejolambda,[],"[""Victor_Fdz""]","[""https://www.youtube.com/watch?v=cJ7xcZ_K9Pk""]"
1268836262972186625,2020-06-05 09:25:13,"Ayer estuvimos jugando a plataformas de Sega, celebrando su 60 aniversario https://t.co/DLddBCwrFG",False,TweetDeck,,,,,None,,False,1,9,False,False,False,es,65904303,El Complejo Lambda,complejolambda,[],[],"[""https://youtu.be/Yem3iwPeWSI""]"
1268699048397201408,2020-06-05 00:19:59,"@monchopena ¬°Enhorabuena! Has ganado. Si es posible, √°brenos MP o p√°sanos un medio de contacto y te hacemos llegar las claves. ¬°Un saludo!",False,TweetDeck,1268687777702596610,18717077,monchopena,,None,,False,0,1,False,False,,es,65904303,El Complejo Lambda,complejolambda,[],"[""monchopena""]",[]
1268679664681263105,2020-06-04 23:02:57,"Estamos en directo, hoy con Sega como protagonista https://t.co/DLddBCwrFG",False,TweetDeck,,,,,None,,False,0,5,False,False,False,es,65904303,El Complejo Lambda,complejolambda,[],[],"[""https://youtu.be/Yem3iwPeWSI""]"
1268450890492542976,2020-06-04 07:53:53,Ayer probamos BioShock: The Collection para #NintendoSwitch https://t.co/KTrmGBAFdm,False,TweetDeck,,,,,None,,False,0,5,False,False,False,es,65904303,El Complejo Lambda,complejolambda,"[""NintendoSwitch""]",[],"[""https://youtu.be/XSMU_3A3aJg""]"
1268302271319871489,2020-06-03 22:03:20,Estamos en directo con BioShock para #NintendoSwitch https://t.co/KTrmGBAFdm,False,TweetDeck,,,,,None,,False,2,10,False,False,False,es,65904303,El Complejo Lambda,complejolambda,"[""NintendoSwitch""]",[],"[""https://youtu.be/XSMU_3A3aJg""]"
1268178868810190850,2020-06-03 13:52:58,RT @Bonoman85: Un poco ‚ÄúChof‚Äù con la GG micro. Lo veo m√°s como un juguete electr√≥nico para descansar en la estanter√≠a. Seguramente para ni√±‚Ä¶,False,TweetDeck,,,,,None,,False,2,0,False,False,,es,65904303,El Complejo Lambda,complejolambda,[],"[""Bonoman85""]",[]
1268146364187279360,2020-06-03 11:43:48,RT @Victor_Fdz: ¬°De vuelta a Rapture! https://t.co/iJCsYgi5XW,False,TweetDeck,,,,,None,,False,1,0,False,False,False,es,65904303,El Complejo Lambda,complejolambda,[],"[""Victor_Fdz""]",[]
1268078498142453761,2020-06-03 07:14:08,"@Sparterx En realidad, eso lo dijo un periodista.",False,TweetDeck,1268078037939245056,401493569,Sparterx,,None,,False,0,2,False,False,,es,65904303,El Complejo Lambda,complejolambda,[],"[""Sparterx""]",[]
1268078417007738886,2020-06-03 07:13:49,RT @JMadridD: Me estoy acordando de la gente de @complejolambda diciendo de cachondeo que terminar√≠an sacando la Game Boy Micro Mini.La re‚Ä¶,False,TweetDeck,,,,,None,,True,3,0,False,False,,es,65904303,El Complejo Lambda,complejolambda,[],"[""JMadridD"", ""complejolambda""]",[]
1267962252625424386,2020-06-02 23:32:13,"RT @DavidTaules: Vamos @Victor_Fdz, tu amigo @Poposkyzero te dice que pilles el animal crossing. Saludos @complejolambda https://t.co/BvkOq‚Ä¶",False,TweetDeck,,,,,None,,False,2,0,False,False,,es,65904303,El Complejo Lambda,complejolambda,[],"[""DavidTaules"", ""Victor_Fdz"", ""Poposkyzero"", ""complejolambda""]",[]
1267936579236122631,2020-06-02 21:50:12,"Seguimos con las Pokeaventuras, junto al se√±or @Poposkyzero https://t.co/fndQKhBIAj",False,TweetDeck,,,,,None,,False,0,6,False,False,False,es,65904303,El Complejo Lambda,complejolambda,[],"[""Poposkyzero""]","[""https://youtu.be/ITrPyKmgakw""]"
1267581987545665538,2020-06-01 22:21:11,Estamos en directo con Half-Life 2 https://t.co/VN1ehhTKLL,False,TweetDeck,,,,,None,,False,2,6,False,False,False,es,65904303,El Complejo Lambda,complejolambda,[],[],"[""https://youtu.be/sgZUnWLPmc4""]"
1267450257870401538,2020-06-01 13:37:44,RT @adrisc95: Ya la tengo en mi poder @complejolambda Es un SOLD maximo https://t.co/mFJOFWSs7s,False,TweetDeck,,,,,None,,False,2,0,False,False,False,es,65904303,El Complejo Lambda,complejolambda,[],"[""adrisc95"", ""complejolambda""]",[]
1267206657693691904,2020-05-31 21:29:45,Estamos en directo con Shogun 2 https://t.co/hvQAbpf2hg,False,TweetDeck,,,,,None,,False,0,3,False,False,False,es,65904303,El Complejo Lambda,complejolambda,[],[],"[""https://youtu.be/Jgskv35dLIQ""]"
1266698879208128512,2020-05-30 11:52:01,"RT @Alejandro_1983N: S√© que voy semanas tarde,pero yo disfruto los podcast en el trabajo y ayer toc√≥ el especial 400,nunca comento pero os‚Ä¶",False,TweetDeck,,,,,None,,False,2,0,False,False,,es,65904303,El Complejo Lambda,complejolambda,[],"[""Alejandro_1983N""]",[]
1266698799839358982,2020-05-30 11:51:42,"RT @dmarqueno: @complejolambda Tras la salida de V√≠ctor del Mirand√©s para cumplir su sue√±o, el club me ha dado la oportunidad de ocupar el‚Ä¶",False,TweetDeck,,,,,None,,False,1,0,False,False,,es,65904303,El Complejo Lambda,complejolambda,[],"[""dmarqueno"", ""complejolambda""]",[]
1266687091376828416,2020-05-30 11:05:11,"Ya disponible el programa 13x19, con el an√°lisis de Final Fantasy VII: Remake https://t.co/j3fCE80ItA",False,TweetDeck,,,,,None,,False,5,13,False,False,False,es,65904303,El Complejo Lambda,complejolambda,[],[],"[""https://www.ivoox.com/cl-13x19-039-final-fantasy-vii-remake-039-audios-mp3_rf_51585395_1.html""]"
1266667717785985024,2020-05-30 09:48:12,"Ayer, V√≠ctor Fern√°ndez, la nueva promesa del f√∫tbol mundial, fich√≥ por el D√©por https://t.co/qwW2VzLnfk",False,TweetDeck,,,,,None,,False,1,4,False,False,False,es,65904303,El Complejo Lambda,complejolambda,[],[],"[""https://www.youtube.com/watch?v=71tiU_FfaTA""]"
1266464949674573834,2020-05-29 20:22:28,Estamos en directo con el programa 13x18. Hoy analizamos Final Fantasy VII Remake https://t.co/xoo7VnIJTH,False,TweetDeck,,,,,None,,False,2,7,False,False,False,es,65904303,El Complejo Lambda,complejolambda,[],[],"[""http://twitch.tv/elcomplejolambda""]"
1266439878893584389,2020-05-29 18:42:51,"Hoy programa 13x19, con el an√°lisis de Final Fantasy VII Remake https://t.co/NOiQpkZvCn",False,TweetDeck,,,,,None,,False,5,22,False,False,False,es,65904303,El Complejo Lambda,complejolambda,[],[],"[""http://www.complejolambda.com/2020/05/hoy-programa-13x19-final-fantasy-vii.html""]"
1266378808279498753,2020-05-29 14:40:10,¬°Directo de PES 2020 ahora! https://t.co/wg07K1i7pX,False,TweetDeck,,,,,None,,False,0,1,False,False,False,es,65904303,El Complejo Lambda,complejolambda,[],[],"[""https://youtu.be/71tiU_FfaTA""]"
1266375746081046530,2020-05-29 14:28:00,RT @Victor_Fdz: Estoy llevando al Mirand√©s a lo m√°s alto. https://t.co/ZX4XRarNPH,False,TweetDeck,,,,,None,,False,1,0,False,False,False,es,65904303,El Complejo Lambda,complejolambda,[],"[""Victor_Fdz""]",[]
1266314598950547457,2020-05-29 10:25:02,RT @mosqui80: Como me gusta esto de poder bajar a la calle y comprar cosas. xD https://t.co/13gQLE5zEQ,False,TweetDeck,,,,,None,,False,1,0,False,False,False,es,65904303,El Complejo Lambda,complejolambda,[],"[""mosqui80""]",[]
1266314358709268481,2020-05-29 10:24:04,@miguibp Se debe a la m√∫sica del juego y tema de copyright en YouTube. Estamos viendo si se puede salvar.,False,TweetDeck,1266242443105558529,1467101876,miguibp,,None,,False,0,1,False,False,,es,65904303,El Complejo Lambda,complejolambda,[],"[""miguibp""]",[]
1266131716466507776,2020-05-28 22:18:19,Estamos en directo jugando a Wreckfest https://t.co/n7YstYxmHc,False,TweetDeck,,,,,None,,False,1,6,False,False,False,es,65904303,El Complejo Lambda,complejolambda,[],[],"[""https://youtu.be/FnYGxAqEaaM""]"
1266043017103921155,2020-05-28 16:25:51,"Estamos en directo, jugando a PES 20 https://t.co/wEOxdqecdP",False,TweetDeck,,,,,None,,False,1,4,False,False,False,es,65904303,El Complejo Lambda,complejolambda,[],[],"[""https://youtu.be/vLgscL4m888""]"
1265759278218055682,2020-05-27 21:38:23,"Hoy el se√±or @Poposkyzero nos invit√≥ a cenar y se nos ha ido el santo al cielo. ¬°No nos da tiempo a directo, pero os lo compensaremos ma√±ana con creces!",False,Twitter for Android,,,,,None,,False,2,21,False,False,,es,65904303,El Complejo Lambda,complejolambda,[],"[""Poposkyzero""]",[]
1265652820470108165,2020-05-27 14:35:21,"Ayer continuamos con Half-Life 2, ya falta poco para acabar el juego https://t.co/DTCXN24fv0",False,TweetDeck,,,,,None,,False,2,6,False,False,False,es,65904303,El Complejo Lambda,complejolambda,[],[],"[""https://youtu.be/TfItSQ1AlYg""]"
1265400658842222599,2020-05-26 21:53:21,"Estamos en directo, seguimos con Half-Life 2 https://t.co/DTCXN24fv0",False,TweetDeck,,,,,None,,False,0,2,False,False,False,es,65904303,El Complejo Lambda,complejolambda,[],[],"[""https://youtu.be/TfItSQ1AlYg""]"
1265031164038991873,2020-05-25 21:25:07,Estamos en directo jugando a #NintendoSwitch con el Se√±or @Poposkyzero https://t.co/C7N8KgtAhN,False,TweetDeck,,,,,None,,False,1,7,False,False,False,es,65904303,El Complejo Lambda,complejolambda,"[""NintendoSwitch""]","[""Poposkyzero""]","[""https://youtu.be/ec_fL40Ncbg""]"
1264946108138168322,2020-05-25 15:47:08,"RT @mosqui80: Por fin he podido ir a tienda, la que tengo m√°s cerca. He pillado de lo m√°s potable que hab√≠a, las estanter√≠as daban bastante‚Ä¶",False,TweetDeck,,,,,None,,False,1,0,False,False,,es,65904303,El Complejo Lambda,complejolambda,[],"[""mosqui80""]",[]
1264931182791270402,2020-05-25 14:47:49,@paul21932719 A disfrutarla :D.,False,TweetDeck,1264920152140808193,1082679228653621248,paul21932719,,None,,False,0,0,False,False,,es,65904303,El Complejo Lambda,complejolambda,[],"[""paul21932719""]",[]
1264669830554300416,2020-05-24 21:29:18,"Estamos en directo. Hoy continuamos la leyenda de Chisato, el ninja honorable https://t.co/UZqQOzLpcy",False,TweetDeck,,,,,None,,False,1,8,False,False,False,es,65904303,El Complejo Lambda,complejolambda,[],[],"[""https://youtu.be/WUDKD5zPGeI""]"
1264190890014388224,2020-05-23 13:46:10,Ya disponible el programa 13x18 con el an√°lisis de Resident Evil 3: Remake https://t.co/wcigYoXlPc,False,TweetDeck,,,,,None,,False,7,20,False,False,False,es,65904303,El Complejo Lambda,complejolambda,[],[],"[""https://www.ivoox.com/cl-13x18-039-resident-evil-3-remake-039-audios-mp3_rf_51346813_1.html""]"
1263927241911697408,2020-05-22 20:18:31,Estamos en directo con el programa 13x18. Hoy analizamos Resident Evil 3: Remake https://t.co/xoo7VnIJTH,False,TweetDeck,,,,,None,,False,3,10,False,False,False,es,65904303,El Complejo Lambda,complejolambda,[],[],"[""http://twitch.tv/elcomplejolambda""]"
1263826327943229440,2020-05-22 13:37:31,"Hoy programa 13x18, con el an√°lisis de Resident Evil 3: Remake https://t.co/KcUQ400Fut",False,TweetDeck,,,,,None,,False,5,13,False,False,False,es,65904303,El Complejo Lambda,complejolambda,[],[],"[""http://www.complejolambda.com/2020/05/hoy-programa-13x18-resident-evil-3.html""]"
1276988358066135042,2020-06-27 21:18:44,üòç https://t.co/AeatZ0DHEB,False,Twitter for Android,,,,,None,,True,0,2,False,False,False,und,67484796,V√≠ctor Fern√°ndez,Victor_Fdz,[],[],"[""https://twitter.com/complejolambda/status/1276988124929851392""]"
1276846126210088964,2020-06-27 11:53:33,"Me encantan estos especiales, sobre todo para escuchar las an√©cdotas e historias de los oyentes. Muchas gracias por seguir El @complejolambda una temporada m√°s. En septiembre volveremos con un programa que tengo muchas ganas de hacer, ¬°seguro que algun@ ya lo ha adivinado! https://t.co/27CVVpP5ZM",False,TweetDeck,,,,,None,,True,7,52,False,False,False,es,67484796,V√≠ctor Fern√°ndez,Victor_Fdz,[],"[""complejolambda""]","[""https://twitter.com/complejolambda/status/1276845339606212614""]"
1276844473230778370,2020-06-27 11:46:59,@HAMMER36Z @complejolambda @Dilerion_Games @DGG_sergiosc @Bonoman85 Yo estoy igual.,False,TweetDeck,1276843677139288064,90633911,HAMMER36Z,,None,,False,0,1,False,False,,es,67484796,V√≠ctor Fern√°ndez,Victor_Fdz,[],"[""HAMMER36Z"", ""complejolambda"", ""Dilerion_Games"", ""DGG_sergiosc"", ""Bonoman85""]",[]
1276526688462082051,2020-06-26 14:44:13,Con este v√≠deo seguro que a algun@ le vienen recuerdos a la mente. ¬øSab√©is de qu√© juego se trata? #JuegosDeNuestraVida https://t.co/8mZ6JrHej9,False,Twitter Web App,,,,,None,,False,3,22,False,False,False,es,67484796,V√≠ctor Fern√°ndez,Victor_Fdz,"[""JuegosDeNuestraVida""]",[],[]
1276212623995031558,2020-06-25 17:56:15,Enhorabuena @BlasphemousGame por los premios. Hab√©is hecho un gran juego y os lo merec√©is con creces. Estoy deseando jugar a lo pr√≥ximo. @qapitan @nolver @Baxayaun @TheGameKitchen,False,Twitter for Android,,,,,None,,False,2,20,False,False,,es,67484796,V√≠ctor Fern√°ndez,Victor_Fdz,[],"[""BlasphemousGame"", ""qapitan"", ""nolver"", ""Baxayaun"", ""TheGameKitchen""]",[]
1276156779714482177,2020-06-25 14:14:20,Menos de 3 horas... https://t.co/4ZicUgbThn,False,TweetDeck,,,,,None,,False,3,7,False,False,False,es,67484796,V√≠ctor Fern√°ndez,Victor_Fdz,[],[],"[""https://www.youtube.com/watch?v=NEyB_xbcXiQ""]"
1276143251943297025,2020-06-25 13:20:35,@Kneesbreaker Finalmente confirman que s√≠ van a subir las conferencias aqu√≠ https://t.co/sjtMZnpyYH,False,TweetDeck,1275519094092115970,166012267,Kneesbreaker,,None,,False,0,1,False,False,False,es,67484796,V√≠ctor Fern√°ndez,Victor_Fdz,[],"[""Kneesbreaker""]","[""https://www.youtube.com/c/GamelabConference""]"
1275458662572548097,2020-06-23 16:00:16,@Kneesbreaker La verdad es que no s√© si ser√° el caso. Tal vez haya m√°s informaci√≥n en https://t.co/GYbamqXHBp,False,TweetDeck,1275449335195373571,166012267,Kneesbreaker,,None,,False,0,1,False,False,False,es,67484796,V√≠ctor Fern√°ndez,Victor_Fdz,[],"[""Kneesbreaker""]","[""https://www.gamelab.es/""]"
1275337874582405123,2020-06-23 08:00:18,"Empiezan las conferencias de #gamelab2020 con American McGee; que trabaj√≥ desarrollando niveles para Doom, la saga Quake, adem√°s de traer Alice Madness https://t.co/01mKuQwnTX",False,TweetDeck,,,,,None,,False,4,12,False,False,False,es,67484796,V√≠ctor Fern√°ndez,Victor_Fdz,"[""gamelab2020""]",[],"[""https://gamelablive.com/""]"
1275139598553939968,2020-06-22 18:52:25,@miguibp @complejolambda Efectivamente. Final feliz :).,False,Twitter for Android,1275128397782487041,1467101876,miguibp,,None,,False,0,1,False,False,,es,67484796,V√≠ctor Fern√°ndez,Victor_Fdz,[],"[""miguibp"", ""complejolambda""]",[]
1275034438489997312,2020-06-22 11:54:33,@blues_je @complejolambda Viene todo en el cartucho y no hay parche de d√≠a 1.,False,TweetDeck,1275030550118641664,3395890749,blues_je,,None,,False,0,0,False,False,,es,67484796,V√≠ctor Fern√°ndez,Victor_Fdz,[],"[""blues_je"", ""complejolambda""]",[]
1275034369464455168,2020-06-22 11:54:17,@VictorHurtado8 @complejolambda En el cartucho viene el juego completo y no requiere de ninguna descarga adicional. Tampoco hay actualizaciones de d√≠a 1.,False,TweetDeck,1275029658166333440,381739917,VictorHurtado8,,None,,False,0,6,False,False,,es,67484796,V√≠ctor Fern√°ndez,Victor_Fdz,[],"[""VictorHurtado8"", ""complejolambda""]",[]
1275028913719324672,2020-06-22 11:32:36,Ten√≠a muchas ganas de este. A ver si hoy podemos verlo en @complejolambda https://t.co/Py2Y13KW8I,False,Twitter for Android,,,,,None,,False,2,37,False,False,False,es,67484796,V√≠ctor Fern√°ndez,Victor_Fdz,[],"[""complejolambda""]",[]
1275026703518236672,2020-06-22 11:23:49,"RT @romero: Today we celebrate the 24th birthday of Quake 1, the terrifying single-player and blast-tastic multiplayer full 3D shooter from‚Ä¶",False,TweetDeck,,,,,None,,False,2563,0,False,False,,en,67484796,V√≠ctor Fern√°ndez,Victor_Fdz,[],"[""romero""]",[]
1274978267162910720,2020-06-22 08:11:21,RT @AxesInMotion: Estaremos presentes en el evento @gamelab Live del 23 al 25 de junio ¬°Es una oportunidad para conocernos! Si quieres que‚Ä¶,False,Twitter Web App,,,,,None,,False,10,0,False,False,,es,67484796,V√≠ctor Fern√°ndez,Victor_Fdz,[],"[""AxesInMotion"", ""gamelab""]",[]
1273895867062390784,2020-06-19 08:30:17,Gran verdad. https://t.co/XtOfkNFIpe,False,TweetDeck,,,,,None,,True,0,7,False,False,False,es,67484796,V√≠ctor Fern√°ndez,Victor_Fdz,[],[],"[""https://twitter.com/javiuntoria/status/1273689631847038976""]"
1271454549254037504,2020-06-12 14:49:21,"@bop_86 Una semana, aproximadamente, jugando en los ratos libres.",False,TweetDeck,1271434831323451397,273379159,bop_86,,None,,False,0,0,False,False,,es,67484796,V√≠ctor Fern√°ndez,Victor_Fdz,[],"[""bop_86""]",[]
1271454467087642625,2020-06-12 14:49:02,@Paquillo_bros Sin duda.,False,TweetDeck,1271437237721448450,285771594,Paquillo_bros,,None,,False,0,1,False,False,,es,67484796,V√≠ctor Fern√°ndez,Victor_Fdz,[],"[""Paquillo_bros""]",[]
1271405708043583489,2020-06-12 11:35:17,"@galloscript Cosas que me encantan:-Es lineal pero puedes volver atr√°s. -Game economy:  pl√°smidos, currency, m√°quinas, pirateo.-El Adam: el reto BigDaddy y el dilema de salvar o cosechar LittleSisters.-Respawn de enemigos que no te hace bajar la guardia aunque retrocedas.-Level design.",False,TweetDeck,1271403733654609920,1184284674,galloscript,,None,,False,0,2,False,False,,es,67484796,V√≠ctor Fern√°ndez,Victor_Fdz,[],"[""galloscript""]",[]
1271401323402088449,2020-06-12 11:17:51,"@hyrulen Ninguno de los 3 juegos viene apto para jugar, requiere descarga obligatoria. En total (contando los 3 juegos), son aproximadamente 30GB; aunque te permite gestionar cada juego por separado. Esto est√° bien si s√≥lo te interesa instalar uno por motivos de espacio.",False,TweetDeck,1271400904093204480,365938963,hyrulen,,None,,False,0,1,False,False,,es,67484796,V√≠ctor Fern√°ndez,Victor_Fdz,[],"[""hyrulen""]",[]
1271400207675162625,2020-06-12 11:13:25,"@hyrulen Es el Collection. Creo que la oferta era muy buena. Lo compr√© en f√≠sico a 46,99; por lo que cada juego, incluyendo sus DLCs, me salieron a 15,66 euros.",False,TweetDeck,1271399596690935810,365938963,hyrulen,,None,,False,0,1,False,False,,es,67484796,V√≠ctor Fern√°ndez,Victor_Fdz,[],"[""hyrulen""]",[]
1271399011816288257,2020-06-12 11:08:40,"Ayer me termin√© BioShock por primera vez en algo m√°s de 10 a√±os. M√°s all√° de la narrativa y la ambientaci√≥n, sigue teniendo un gameplay muy divertido del que muchos juegos actuales deber√≠an aprender. Qu√© buenos recuerdos me ha tra√≠do rejugarlo. https://t.co/iXcOvhetKD",False,TweetDeck,,,,,None,,False,4,55,False,False,False,es,67484796,V√≠ctor Fern√°ndez,Victor_Fdz,[],[],[]
1271378493213900800,2020-06-12 09:47:08,"@EditoEdita No es lo mismo, pero este DLC se acerca https://t.co/mXAV5g6czx",False,TweetDeck,1271376658180853761,284574231,EditoEdita,,None,,False,0,0,False,False,False,es,67484796,V√≠ctor Fern√°ndez,Victor_Fdz,[],"[""EditoEdita""]","[""https://store.steampowered.com/app/558245/Euro_Truck_Simulator_2__Special_Transport/""]"
1271070686774128640,2020-06-11 13:24:01,Im√°genes que preceden eventos terribles #NintendoSwitch https://t.co/O0us4jXmNv,False,Nintendo Switch Share,,,,,None,,False,2,19,False,False,False,es,67484796,V√≠ctor Fern√°ndez,Victor_Fdz,"[""NintendoSwitch""]",[],[]
1271035331417169920,2020-06-11 11:03:32,@HAMMER36Z @Loktarius @Bonoman85 ¬°C√≥mo mola!,False,TweetDeck,1270847966400712704,90633911,HAMMER36Z,,None,,False,0,0,False,False,,es,67484796,V√≠ctor Fern√°ndez,Victor_Fdz,[],"[""HAMMER36Z"", ""Loktarius"", ""Bonoman85""]",[]
1270001782765346816,2020-06-08 14:36:35,"@Hugo_HPCAb @SantiRey_TICs @Cami_Tics @ReyAsorey Eso es verdad, pero hay un problema adicional. Muchos videojuegos incluyen m√∫sica y hay ocasiones en las que el sistema de detecci√≥n act√∫a sobre la m√∫sica del propio juego. Esto ya sucede en YouTube, aunque hay juegos en los que salta el aviso de copyright y otros en los que no.",False,TweetDeck,1270000551045013507,842779850712764417,Hugo_HPCAb,,None,,False,0,1,False,False,,es,67484796,V√≠ctor Fern√°ndez,Victor_Fdz,[],"[""Hugo_HPCAb"", ""SantiRey_TICs"", ""Cami_Tics"", ""ReyAsorey""]",[]
1269332805428928513,2020-06-06 18:18:18,@HAMMER36Z @complejolambda @Loktarius ¬°Vi mi casa en ese v√≠deo!,False,TweetDeck,1269302964797177856,90633911,HAMMER36Z,,None,,False,0,1,False,False,,es,67484796,V√≠ctor Fern√°ndez,Victor_Fdz,[],"[""HAMMER36Z"", ""complejolambda"", ""Loktarius""]",[]
1269225437206642690,2020-06-06 11:11:39,@yoaremlg @complejolambda En este v√≠deo lo comento. √âchale un ojo por si lo quieres ver m√°s al detalle https://t.co/VQ02LaQBqJ,False,TweetDeck,1269174428576907265,741567951627771904,yoaremlg,,None,,False,0,1,False,False,False,es,67484796,V√≠ctor Fern√°ndez,Victor_Fdz,[],"[""yoaremlg"", ""complejolambda""]","[""https://youtu.be/easYq6ZlowY""]"
1268960723453050880,2020-06-05 17:39:47,"@snipott Las bajadas de frames no las not√© mucho por ahora. Puntualmente en el primer pueblo, cuando se junta mucha gente (nada que ver con el v√≠deo de Digital Foundry). Sobre la calidad visual, est√° por debajo de lo que esperaba; aunque en port√°til luce bastante decente. En dock, mal.",False,TweetDeck,1268959511877992455,1040130287227863040,snipott,,None,,False,0,1,False,False,,es,67484796,V√≠ctor Fern√°ndez,Victor_Fdz,[],"[""snipott""]",[]
1268888837390045185,2020-06-05 12:54:08,@AlbertoBato01 Esta tarde. En un rato me pongo.,False,Twitter for Android,1268888569051066369,1254581797,AlbertoBato01,,None,,False,0,1,False,False,,es,67484796,V√≠ctor Fern√°ndez,Victor_Fdz,[],"[""AlbertoBato01""]",[]
1268874667428917249,2020-06-05 11:57:49,@hyrulen El juego lo pill√© in extremis. Era dif√≠cil de prever el resultado hace meses. Esta tarde lo probar√©.,False,Twitter Web App,1268866931328720900,365938963,hyrulen,,None,,False,0,1,False,False,,es,67484796,V√≠ctor Fern√°ndez,Victor_Fdz,[],"[""hyrulen""]",[]
1268866242024275972,2020-06-05 11:24:21,"@hyrulen En mi caso, lo ped√≠ a sabiendas de lo que hab√≠a.",False,Twitter for Android,1268865655459254277,365938963,hyrulen,,None,,False,0,0,False,False,,es,67484796,V√≠ctor Fern√°ndez,Victor_Fdz,[],"[""hyrulen""]",[]
1268854368993976326,2020-06-05 10:37:10,"Vistas las √∫ltimas informaciones, miedo me da. A ver qu√© tal con el parche de d√≠a 1. https://t.co/QuCeKu06Jo",False,Twitter for Android,,,,,None,,False,1,13,False,False,False,es,67484796,V√≠ctor Fern√°ndez,Victor_Fdz,[],[],[]
1268846788603248640,2020-06-05 10:07:03,@hyrulen @MosFidri5 @Loktarius ¬°Claro! Comentaba el en directo de ayer que descubr√≠ este juego en los directos de @MosFidri5,False,Twitter for Android,1268842077900754944,365938963,hyrulen,,None,,False,0,0,False,False,,es,67484796,V√≠ctor Fern√°ndez,Victor_Fdz,[],"[""hyrulen"", ""MosFidri5"", ""Loktarius"", ""MosFidri5""]",[]
1268837697059196929,2020-06-05 09:30:55,"Brutal la banda sonora de Lords of Thunder, de Sega Mega CD. Legendaria https://t.co/1OHOC0MRFm https://t.co/Umcmt2nAqH",False,Twitter Web App,,,,,None,,False,7,21,False,False,False,es,67484796,V√≠ctor Fern√°ndez,Victor_Fdz,[],[],"[""https://www.youtube.com/watch?v=cJ7xcZ_K9Pk""]"
1268441887888850945,2020-06-04 07:18:07,"@SamuelMoRod @StringrBell1969 Supongo que suceder√° que lo tendr√© en una tarjeta SD, descargado (como ahora). Se puede romper o perder la tarjeta, pero tambi√©n se podr√≠a romper o perder el juego en f√≠sico  tradicional... Lo que no voy a poder es venderlo; pero eso, en particular, no me afecta (no vendo juegos)",False,TweetDeck,1268439331171074048,167906368,SamuelMoRod,,None,,False,0,1,False,False,,es,67484796,V√≠ctor Fern√°ndez,Victor_Fdz,[],"[""SamuelMoRod"", ""StringrBell1969""]",[]
1268152052162666496,2020-06-03 12:06:25,"@Pacok0 Tengo, tengo.",False,Twitter for Android,1268151243781931008,1135677585692774400,Pacok0,,None,,False,0,1,False,False,,es,67484796,V√≠ctor Fern√°ndez,Victor_Fdz,[],"[""Pacok0""]",[]
1268149898400206848,2020-06-03 11:57:51,"@StringrBell1969 El 2 y el 3 son descarga. Del primero viene algo, pero al introducirlo por primera vez te pide actualizar. Lo √∫nico positivo en ese aspecto es que los juegos los descargas por separado. Puedes escoger si descargar uno u otro, seg√∫n te convenga.",False,TweetDeck,1268148297140776961,1120426092148535296,StringrBell1969,,None,,False,0,0,False,False,,es,67484796,V√≠ctor Fern√°ndez,Victor_Fdz,[],"[""StringrBell1969""]",[]
1268146330314199043,2020-06-03 11:43:40,¬°De vuelta a Rapture! https://t.co/iJCsYgi5XW,False,Twitter for Android,,,,,None,,False,1,69,False,False,False,es,67484796,V√≠ctor Fern√°ndez,Victor_Fdz,[],[],[]
1267962220518019072,2020-06-02 23:32:05,"@DavidTaules @Poposkyzero @complejolambda Jaja, buen√≠simo.",False,TweetDeck,1267939158640611334,436961959,DavidTaules,,None,,False,0,2,False,False,,es,67484796,V√≠ctor Fern√°ndez,Victor_Fdz,[],"[""DavidTaules"", ""Poposkyzero"", ""complejolambda""]",[]
1266376389407596546,2020-05-29 14:30:34,"@luisinho1209 Me pongo un ratito ahora, en breve.",False,TweetDeck,1266376255525416960,232414204,luisinho1209,,None,,False,0,0,False,False,,es,67484796,V√≠ctor Fern√°ndez,Victor_Fdz,[],"[""luisinho1209""]",[]
1266375712346222596,2020-05-29 14:27:52,Estoy llevando al Mirand√©s a lo m√°s alto. https://t.co/ZX4XRarNPH,False,TweetDeck,,,,,None,,False,1,20,False,False,False,es,67484796,V√≠ctor Fern√°ndez,Victor_Fdz,[],[],[]
1262722682191257600,2020-05-19 12:32:02,#ComoMeVoyAOlvidar https://t.co/EJTVJMziYe,False,TweetDeck,,,,,None,,True,0,7,False,False,False,und,67484796,V√≠ctor Fern√°ndez,Victor_Fdz,"[""ComoMeVoyAOlvidar""]",[],"[""https://twitter.com/LaLiga/status/1262669323518316549""]"
1261727165739077636,2020-05-16 18:36:12,"RT @complejolambda: Ya disponible el programa 13x17, Especial 400 programas https://t.co/ODvnsAzfqF https://t.co/OuKOlQR0fP",False,Twitter for Android,,,,,None,,False,13,0,False,False,False,es,67484796,V√≠ctor Fern√°ndez,Victor_Fdz,[],"[""complejolambda""]","[""https://www.ivoox.com/cl-13x17-especial-400-programas-audios-mp3_rf_51097831_1.html""]"
1261652374436958208,2020-05-16 13:39:01,Un vistazo r√°pido a las herramientas de #HalfLifeAlyx. https://t.co/6HAaeyexoh,False,Twitter Web App,,,,,None,,False,5,15,False,False,False,es,67484796,V√≠ctor Fern√°ndez,Victor_Fdz,"[""HalfLifeAlyx""]",[],[]
1261631186117459970,2020-05-16 12:14:49,"Una vez m√°s, @valvesoftware vuelve a apostar fuerte por la Comunidad; tal y como ha venido haciendo desde Half-Life 1. En la beta de las herramientas de Workshop de Half-Life: Alyx que acaban de lanzar, se incluyen las siguientes herramientas:https://t.co/DEdBTqRffc https://t.co/madZtx3ncO",False,TweetDeck,,,,,None,,False,5,10,False,False,False,es,67484796,V√≠ctor Fern√°ndez,Victor_Fdz,[],"[""valvesoftware""]","[""https://store.steampowered.com/newshub/app/546560/view/3758762298552654077""]"
1261589240212869121,2020-05-16 09:28:08,¬°Empieza lo bueno! https://t.co/qzXMFVyjaD,False,Twitter for iPad,,,,,None,,True,1,6,False,False,False,es,67484796,V√≠ctor Fern√°ndez,Victor_Fdz,[],[],"[""https://twitter.com/valvesoftware/status/1261399649782337536""]"
1261310398046797824,2020-05-15 15:00:07,El solo de Rainmaker #IronMaiden (me llev√≥ un poco m√°s aprenderlo üòÖ). https://t.co/0KaFxbVkWH,False,Twitter for Android,,,,,None,,False,1,11,False,False,False,es,67484796,V√≠ctor Fern√°ndez,Victor_Fdz,"[""IronMaiden""]",[],[]
1260858845842288640,2020-05-14 09:05:49,"RT @complejolambda: Ma√±ana celebraremos nuestro programa n√∫mero 400 y lo dedicaremos a un ""preguntas y respuestas"". Pod√©is mandarnos vuestr‚Ä¶",False,TweetDeck,,,,,None,,False,12,0,False,False,,es,67484796,V√≠ctor Fern√°ndez,Victor_Fdz,[],"[""complejolambda""]",[]
1260648985984815104,2020-05-13 19:11:54,"Rainmaker, temazo de Iron Maiden. https://t.co/1kuibEnE9U",False,Twitter for Android,,,,,None,,False,2,19,False,False,False,eu,67484796,V√≠ctor Fern√°ndez,Victor_Fdz,[],[],[]
1260592646432702466,2020-05-13 15:28:02,Acaban de mostrar la primera demo t√©cnica de Unreal Engine 5. Ser√° compatible con UE4 (para quienes tengan alg√∫n proyecto WIP o est√©n empezando un desarrollo y quieran cambiar al nuevo engine). A principios del a√±o que viene estar√° disponible la primera versi√≥n preview. https://t.co/oUwPXozd7J,False,TweetDeck,,,,,None,,True,5,13,False,False,False,es,67484796,V√≠ctor Fern√°ndez,Victor_Fdz,[],[],"[""https://twitter.com/UnrealEngine/status/1260588318451994633""]"
1260120642088833026,2020-05-12 08:12:27,Este a√±o #Gamelab est√° ofreciendo pases en formato digital. Estaremos por all√≠ virtualmente :D. https://t.co/XGBc1XT6mz,False,TweetDeck,,,,,None,,False,3,10,False,False,False,es,67484796,V√≠ctor Fern√°ndez,Victor_Fdz,"[""Gamelab""]",[],[]
1257753342408896512,2020-05-05 19:25:39,"RT @romero: Happy 28th Birthday, Wolfenstein 3D! We just wanted to make a cooler update of 1981 megahit Castle Wolfenstein by Silas Warner,‚Ä¶",False,Twitter for Android,,,,,None,,False,1233,0,True,False,,en,67484796,V√≠ctor Fern√°ndez,Victor_Fdz,[],"[""romero""]",[]
1256355616584581121,2020-05-01 22:51:35,Setting digital del @complejolambda en cuarentena. ¬°Seguimos! https://t.co/zKS6iUWPKs,False,Twitter for Android,,,,,None,,False,1,42,False,False,False,es,67484796,V√≠ctor Fern√°ndez,Victor_Fdz,[],"[""complejolambda""]",[]
1256320112652500992,2020-05-01 20:30:30,RT @complejolambda: Estamos en directo con el programa 13x15. Hoy analizamos Doom: Eternal https://t.co/xoo7VnIJTH,False,TweetDeck,,,,,None,,False,4,0,False,False,False,es,67484796,V√≠ctor Fern√°ndez,Victor_Fdz,[],"[""complejolambda""]","[""http://twitch.tv/elcomplejolambda""]"
1255532927645073408,2020-04-29 16:22:31,"@miguibp @Loktarius @Poposkyzero Por fortuna, existe Steam y Remote Play Together. Podremos llevar a cabo el gameplay sin problema.",False,TweetDeck,1255522180525428741,1467101876,miguibp,,None,,False,0,1,False,False,,es,67484796,V√≠ctor Fern√°ndez,Victor_Fdz,[],"[""miguibp"", ""Loktarius"", ""Poposkyzero""]",[]
1255024496001638401,2020-04-28 06:42:11,RT @Isra_Alves: Here‚Äôs my 3D skin to @BrawlStars challenge #supercellmake ! I hope you like and vote it guys! Thanks!! @supercell #supercel‚Ä¶,False,TweetDeck,,,,,None,,False,5,0,False,False,,en,67484796,V√≠ctor Fern√°ndez,Victor_Fdz,"[""supercellmake""]","[""Isra_Alves"", ""BrawlStars"", ""supercell""]",[]
1254835242789199873,2020-04-27 18:10:10,"Este fin de semana, de limpieza, me volv√≠ a encontrar con la vieja Hohner SE-35 de mi padre. Hoy la puse a punto, tras m√°s de 15 a√±os, y tiene mucha tralla ü•∞ https://t.co/VNNiF5Qgzd",False,Twitter for Android,,,,,None,,False,5,47,False,False,False,es,67484796,V√≠ctor Fern√°ndez,Victor_Fdz,[],[],[]
1254007081050480647,2020-04-25 11:19:21,"@jtaibo Yo tuve bastante suerte. Estuve checkeando la web varias veces al d√≠a, hace unas semanas. Hubo una ventana peque√±a de reposici√≥n y fui de los ninjas afortunados. La verdad es que estoy alucinando bastante con el visor. https://t.co/Mv2kHGbgak",False,Twitter for Android,1253784738990522368,51130465,jtaibo,,None,,False,0,2,False,False,False,es,67484796,V√≠ctor Fern√°ndez,Victor_Fdz,[],"[""jtaibo""]",[]
1252918857737658368,2020-04-22 11:15:08,RT @Adrian29598682: I think I found a way to play your game @AxesInMotion https://t.co/MTMVyPoQRK,False,Twitter Web App,,,,,None,,False,2,0,False,False,False,en,67484796,V√≠ctor Fern√°ndez,Victor_Fdz,[],"[""Adrian29598682"", ""AxesInMotion""]",[]
1252653175997431818,2020-04-21 17:39:24,@RL_Rosell @complejolambda Seguramente podamos hacerlo cuando vuelta la serie regular de ECL.,False,TweetDeck,1252639137645170690,4297736967,RL_Rosell,,None,,False,0,2,False,False,,es,67484796,V√≠ctor Fern√°ndez,Victor_Fdz,[],"[""RL_Rosell"", ""complejolambda""]",[]
1252635284325482498,2020-04-21 16:28:19,Acabo de terminar Half-Life: Alyx. Este juego es un punto de inflexi√≥n.,False,TweetDeck,,,,,None,,False,4,37,False,False,,es,67484796,V√≠ctor Fern√°ndez,Victor_Fdz,[],[],[]
1252499114144694272,2020-04-21 07:27:13,"Ma√±ana actualizan #SuperMarioMaker2 con nuevos powerups, bosses, enemigos y la posibilidad de crear mundos. Es la tercera actualizaci√≥n grande del juego y, una vez m√°s, gratuita. Todo esto est√° conformando un juego complet√≠simo que, ya de por s√≠, era excelente. Muy recomendable. https://t.co/Ejdu0ykHtZ",False,TweetDeck,,,,,None,,True,4,17,False,False,False,es,67484796,V√≠ctor Fern√°ndez,Victor_Fdz,"[""SuperMarioMaker2""]",[],"[""https://twitter.com/NintendoES/status/1252493413540298752""]"
1251841474045587456,2020-04-19 11:54:00,RT @complejolambda: No os perd√°is el directo de ayer en el que hablamos de coleccionismo de #GameBoy con @Yaguete1983 https://t.co/Em4HAXeA‚Ä¶,False,TweetDeck,,,,,None,,False,4,0,False,False,,es,67484796,V√≠ctor Fern√°ndez,Victor_Fdz,"[""GameBoy""]","[""complejolambda"", ""Yaguete1983""]",[]
1250710076161130496,2020-04-16 08:58:13,"Muy recomendable este v√≠deo que habla de c√≥mo los speedrunners rompieron Doom: Eternal y de c√≥mo est√°n dise√±adas algunas de las ayudas al sistema de salto, entre otras mec√°nicas https://t.co/evNLuU3I6P",False,TweetDeck,,,,,None,,False,5,6,False,False,False,es,67484796,V√≠ctor Fern√°ndez,Victor_Fdz,[],[],"[""https://www.youtube.com/watch?v=htMfXtYXmzw""]"
1250148773155790853,2020-04-14 19:47:48,"RT @complejolambda: Mientras esperamos al directo de esta noche, os aconsejamos el gameplay de esta tarde de Half-Life: Alyx https://t.co/q‚Ä¶",False,Twitter for Android,,,,,None,,False,3,0,False,False,,es,67484796,V√≠ctor Fern√°ndez,Victor_Fdz,[],"[""complejolambda""]",[]
1250142945539502082,2020-04-14 19:24:39,Estoy flipando con Half-Life: Alyx.,False,TweetDeck,,,,,None,,False,0,20,False,False,,en,67484796,V√≠ctor Fern√°ndez,Victor_Fdz,[],[],[]
1249978095198711809,2020-04-14 08:29:36,@AdePikas Lo prob√© nada m√°s empezar. Una chulada.,False,TweetDeck,1249976832310509569,1618663627,AdePikas,,None,,False,0,1,False,False,,es,67484796,V√≠ctor Fern√°ndez,Victor_Fdz,[],"[""AdePikas""]",[]
1249962431956254720,2020-04-14 07:27:21,@cdecoruna Entonces no ten√≠a el visor. Lleg√≥ ayer. Pr√≥ximamente probar√© jugar al Elite con VR.,False,TweetDeck,1249810243019632640,754688305271345152,cdecoruna,,None,,False,0,1,False,False,,es,67484796,V√≠ctor Fern√°ndez,Victor_Fdz,[],"[""cdecoruna""]",[]
1249962298799788033,2020-04-14 07:26:49,@PacoGoal7 ¬°Claro! Habr√° muchos m√°s v√≠deos VR en @complejolambda,False,TweetDeck,1249961742765043712,1362521712,PacoGoal7,,None,,False,0,1,False,False,,es,67484796,V√≠ctor Fern√°ndez,Victor_Fdz,[],"[""PacoGoal7"", ""complejolambda""]",[]
1249781330218491913,2020-04-13 19:27:43,@francesctovar Esta noche :).,False,Twitter for Android,1249767088371179521,15124421,francesctovar,,None,,False,0,1,False,False,,es,67484796,V√≠ctor Fern√°ndez,Victor_Fdz,[],"[""francesctovar""]",[]
1249717753726087170,2020-04-13 15:15:05,"@_dab1 @RompoManYT Tienes raz√≥n, la compatibilidad con GPUs AMD es de RX400. Sobre la ""mejor opci√≥n para jugar en PC"", me refer√≠a obviamente a la mejor opci√≥n de Oculus. Valve Index es en este momento la mejor opci√≥n absoluta.",False,TweetDeck,1249712867139559425,174465911,_dab1,,None,,False,0,0,False,False,,es,67484796,V√≠ctor Fern√°ndez,Victor_Fdz,[],"[""_dab1"", ""RompoManYT""]",[]
1249662871061114880,2020-04-13 11:37:00,@miguelgarciacor Tomo nota de lo que comentas; a ver si puedo hacer algo √∫til al respecto.,False,TweetDeck,1249661007011684353,158670212,miguelgarciacor,,None,,False,0,1,False,False,,es,67484796,V√≠ctor Fern√°ndez,Victor_Fdz,[],"[""miguelgarciacor""]",[]
1249662730707107842,2020-04-13 11:36:27,@alessiogarcai @complejolambda Esta semana sin falta :D.,False,TweetDeck,1249661117812682757,126717577,alessiogarcai,,None,,False,0,3,False,False,,es,67484796,V√≠ctor Fern√°ndez,Victor_Fdz,[],"[""alessiogarcai"", ""complejolambda""]",[]
1249658059846291456,2020-04-13 11:17:53,"@miguelgarciacor S√≠, habr√° material al respecto en ECL. La verdad es que estoy deseando hacerlo üôÇ.",False,Twitter for Android,1249657541556154368,158670212,miguelgarciacor,,None,,False,0,0,False,False,,es,67484796,V√≠ctor Fern√°ndez,Victor_Fdz,[],"[""miguelgarciacor""]",[]
1249656999870181381,2020-04-13 11:13:40,@MosFidri5 Esa es una gran verdad üòÅ.,False,Twitter for Android,1249656754775998464,397569659,MosFidri5,,None,,False,0,4,False,False,,es,67484796,V√≠ctor Fern√°ndez,Victor_Fdz,[],"[""MosFidri5""]",[]
1249655192582324224,2020-04-13 11:06:30,"@RompoManYT En realidad, no funcionan igual que las Rift S. Quest exige tarjetas gr√°ficas nVidia para funcionar y el problema es que a√∫n por cable, hay compresi√≥n de v√≠deo. Para jugar en PC, la mejor opci√≥n es Rift S.",False,TweetDeck,1249654842517270528,2560836037,RompoManYT,,None,,False,0,1,False,False,,es,67484796,V√≠ctor Fern√°ndez,Victor_Fdz,[],"[""RompoManYT""]",[]
1249655001737302016,2020-04-13 11:05:44,@TeslaZelhera Me temo que s√≠ :D https://t.co/VX3szSbAtU,False,TweetDeck,1249654021775900672,2896057876,TeslaZelhera,,None,,False,0,1,False,False,False,es,67484796,V√≠ctor Fern√°ndez,Victor_Fdz,[],"[""TeslaZelhera""]",[]
1249652986181226496,2020-04-13 10:57:43,¬°Empieza bien la semana! https://t.co/hTy4B6GSL3,False,Twitter for Android,,,,,None,,False,6,95,False,False,False,es,67484796,V√≠ctor Fern√°ndez,Victor_Fdz,[],[],[]
1249592388781322241,2020-04-13 06:56:56,"En este v√≠deo de IGN, tres programadores de gameplay de Half-Life 2 reaccionan a un speedrun del juego. Las reacciones, al ver c√≥mo el runner se pasa en segundos zonas que literalmente les llevaron a√±os de trabajo, son impagables https://t.co/ryZpUnMInh",False,TweetDeck,,,,,None,,False,7,20,False,False,False,es,67484796,V√≠ctor Fern√°ndez,Victor_Fdz,[],[],"[""https://youtu.be/sK_PdwL5Y8g""]"
1248663876884889607,2020-04-10 17:27:21,Equipo Question Mark a tope. ¬°Ha sido un final de semana genial! ¬°Buen trabajo en equipo! https://t.co/il0B1tvOSb,False,TweetDeck,,,,,None,,True,0,7,False,False,False,es,67484796,V√≠ctor Fern√°ndez,Victor_Fdz,[],[],"[""https://twitter.com/alvola/status/1248662708104376322""]"
1248537612668764160,2020-04-10 09:05:38,RT @AxesInMotion: ¬°Hemos organizado la I GameJam de AxesInMotion para hacer m√°s llevadero el confinamiento de nuestros compis! 7 son los eq‚Ä¶,False,TweetDeck,,,,,None,,False,11,0,False,False,,es,67484796,V√≠ctor Fern√°ndez,Victor_Fdz,[],"[""AxesInMotion""]",[]
1247828747212017664,2020-04-08 10:08:51,RT @complejolambda: Ayer hablamos de la historia de Doom 64. Pod√©is volver a verlo ya en nuestro canal de YouTube https://t.co/VOQqqQnK32,False,TweetDeck,,,,,None,,False,4,0,False,False,False,es,67484796,V√≠ctor Fern√°ndez,Victor_Fdz,[],"[""complejolambda""]","[""https://www.youtube.com/watch?v=htWURnCrmtI""]"
1247547289192878082,2020-04-07 15:30:26,"Esta noche, en el directo de @complejolambda, vamos a volver con #Doom64 y vamos a aprovechar la ocasi√≥n para hablar de algunas cuestiones interesantes y curiosidades tanto del desarrollo del juego para Nintendo 64, como del remastered actual.",False,TweetDeck,,,,,None,,False,5,17,False,False,,es,67484796,V√≠ctor Fern√°ndez,Victor_Fdz,"[""Doom64""]","[""complejolambda""]",[]
1247074691979894784,2020-04-06 08:12:30,Cuando te terminas Doom Eternal. https://t.co/BI46bICCUn,False,TweetDeck,,,,,None,,False,2,56,False,False,False,pt,67484796,V√≠ctor Fern√°ndez,Victor_Fdz,[],[],[]
1246897568547770377,2020-04-05 20:28:41,"@Poposkyzero Que sigan dando m√°s y mejor, como hasta ahora. Se superan con cada entrega.",False,Twitter for Android,1246897299747483650,2619446784,Poposkyzero,,None,,False,0,1,False,False,,es,67484796,V√≠ctor Fern√°ndez,Victor_Fdz,[],"[""Poposkyzero""]",[]
1246891964479520768,2020-04-05 20:06:25,"Doom Eternal terminado, en Pesadilla. Ha sido un reto, sobre todo la recta final del juego. Este es uno de los mejores FPS que he jugado nunca. Id Software sigue siendo legendaria. Larga vida a Doom. https://t.co/X34OF0GuuB",False,TweetDeck,,,,,None,,False,10,72,False,False,False,es,67484796,V√≠ctor Fern√°ndez,Victor_Fdz,[],[],[]
1245375994090983424,2020-04-01 15:42:29,@Atilano_Atilei :o,False,TweetDeck,1245370453335642113,457866837,Atilano_Atilei,,None,,False,0,1,False,False,,und,67484796,V√≠ctor Fern√°ndez,Victor_Fdz,[],"[""Atilano_Atilei""]",[]
1244620280334561281,2020-03-30 13:39:33,@RichieFaulkner Any chance to share that profile? üò≥,False,Twitter Web App,1244599627866914816,72984539,RichieFaulkner,,None,,False,0,1,False,False,,en,67484796,V√≠ctor Fern√°ndez,Victor_Fdz,[],"[""RichieFaulkner""]",[]
1244263640401879041,2020-03-29 14:02:23,RT @complejolambda: No os perd√°is el directo de ayer. Estuvimos hablando de videojuegos japoneses y muchas cosas m√°s con el gran @Creativoe‚Ä¶,False,TweetDeck,,,,,None,,False,12,0,False,False,,es,67484796,V√≠ctor Fern√°ndez,Victor_Fdz,[],"[""complejolambda""]",[]
1244026639312465921,2020-03-28 22:20:38,"@blanko274 Lo est√°bamos jugando mediante emulador, aunque disponemos del juego en diferentes versiones. Para directos suelo usar emulaci√≥n por mera comodidad.",False,TweetDeck,1244026117998219264,497126652,blanko274,,None,,False,0,0,False,False,,es,67484796,V√≠ctor Fern√°ndez,Victor_Fdz,[],"[""blanko274""]",[]
1242830296984289280,2020-03-25 15:06:48,"RT @juliodoblaje: Va una peque√±a colaboraci√≥n por petici√≥n de Nico Campos, con la ayuda de Mario Veiga. https://t.co/Jv6nC2Ppfq",False,Twitter for Android,,,,,None,,False,142,0,False,False,False,es,67484796,V√≠ctor Fern√°ndez,Victor_Fdz,[],"[""juliodoblaje""]",[]
1242218954661249024,2020-03-23 22:37:32,RT @complejolambda: Hemos creado una lista de reproducci√≥n para que pod√°is ver todos los v√≠deos que estamos haciendo durante estos d√≠as de‚Ä¶,False,TweetDeck,,,,,None,,False,4,0,False,False,,es,67484796,V√≠ctor Fern√°ndez,Victor_Fdz,[],"[""complejolambda""]",[]
1242006896594296832,2020-03-23 08:34:54,Digital Foundry ha analizado la tecnolog√≠a empleada en Doom Eternal: una maravilla de trabajo t√©cnico y art√≠stico https://t.co/6KBTZSZWlx,False,TweetDeck,,,,,None,,False,4,16,False,False,False,es,67484796,V√≠ctor Fern√°ndez,Victor_Fdz,[],[],"[""https://www.youtube.com/watch?v=UsmqWSZpgJY""]"
1241813574055493632,2020-03-22 19:46:42,"@ppmad71 @Loktarius Ella toca decentemente. Para apoyar un Patreon de este tipo yo no me preguntar√≠a si toca bien o no; creo que lo mejor ser√≠a apoyarlo si te gusta la m√∫sica que hace. En Internet siempre hay alguien que toque mejor, pero lo importante es que te guste.",False,TweetDeck,1241738527043436549,345414208,ppmad71,,None,,False,0,1,False,False,,es,67484796,V√≠ctor Fern√°ndez,Victor_Fdz,[],"[""ppmad71"", ""Loktarius""]",[]
1241331240285941760,2020-03-21 11:50:05,"El Complejo Lambda no se detiene. Seguimos al pie del ca√±√≥n, como siempre. Esperamos que os guste este nuevo formato de emergencia. https://t.co/wuSaJbJggs",False,TweetDeck,,,,,None,,True,10,47,False,False,False,es,67484796,V√≠ctor Fern√°ndez,Victor_Fdz,[],[],"[""https://twitter.com/complejolambda/status/1241330921896378368""]"
1241166290854739973,2020-03-21 00:54:38,@MosFidri5 Todo bien. Id Software lo hace otra vez. SOLD Supremo.,False,Twitter for Android,1241162238980915200,397569659,MosFidri5,,None,,False,0,6,False,False,,es,67484796,V√≠ctor Fern√°ndez,Victor_Fdz,[],"[""MosFidri5""]",[]
1241083152677982214,2020-03-20 19:24:16,Doom Eternal es una pasada.,False,TweetDeck,,,,,None,,False,5,27,False,False,,ca,67484796,V√≠ctor Fern√°ndez,Victor_Fdz,[],[],[]
1240998557789937664,2020-03-20 13:48:07,@MosFidri5 Brutal. SOLD m√°ximo.,False,Twitter for Android,1240989410931458049,397569659,MosFidri5,,None,,False,1,5,False,False,,es,67484796,V√≠ctor Fern√°ndez,Victor_Fdz,[],"[""MosFidri5""]",[]
1240598644665040897,2020-03-19 11:19:00,@bdradagast Hoy.,False,TweetDeck,1240595432016936960,1671482587,bdradagast,,None,,False,0,1,False,False,,und,67484796,V√≠ctor Fern√°ndez,Victor_Fdz,[],"[""bdradagast""]",[]
